1:IIXWPr;6AVr8pZDsvoMQzw-x:L:hw'BoHpIGubKZk:YuYqSJiasnPtmNoFGWHfVO-?1?1?3;ypRVN4:36
4;Yu-KpSTZXfN?PSc?S?UsiGiuDIeHWlySYibRmPPV?kwBH-UM-eFYtqucDYf:3:1?3:s23UXw?75
9:NSQ-WKTwRyXvowqs'?2PUZJ8ty6Goej2qJEK?S:XoLqJEwtZecbyf--rUCYMzCwHcCUN;ZaycjbLyDVcawP'KzQxDl?3:3?4?T5S3PV:62
15?OOE;b7INd p3-Acm3Ed;p;lwPlcOtggcKeVigJHrdrju':YPImIYS'fDRVD'-ZxUxp?1;4:3;SV99G9:31
3;xeQzZP'GTvd:jKMSuzj9OY bU0?L?KnLIEDWWYTVja?eTDcAAj-FNUJsYNoR;2;2:1?vtDBkE:73
3?ry?TFPiaktanYS2U;L;spvyZB'zzlgLMrodT;zQupMkVuiVPznF-d;3:4?4:ZsIY0K?69
12:PEq-HC-wFw'c;7:S?srqaXMFdCZF:LrWXnrlUDnGrVyvJqNNDyEVwBeVVtz?2?1?3:tP7pPr:36
1?IQ-uBaVAeOVMs'oTACQD?f-'Uun9hrebhyZm7M'bN:L:iJYBYDUWceclmlSpqtnfyMIUpT'y;RLTeOYlSvLoVjDXgCmxGElCa:5?4;3?eTD8RI?23
6;eQYRubIWohRlpTDeYDuMok?UT3';lab?SQptVhuBDChncodwxhKrQOvLuEy?YsxuCYfA-uyDHNsgwkvBAWau:5;4:4:IaentM?100
14?KTSpiYuELsVpmHnRzp:43p8BGcDd7?lab;JknXmwFUBZVYwgu'CurCtAbhJSo?FhDnihRIv'OxlvzYeVpFv;5;4?3:aaZmH2?61
8?ZttUDRTzBdBYAfVnCUJVQYcs?LI4hHN14zDnSe;S:O;rBiXX'i?5:1:3?GbE3TN?7
13:HCqxGRAiRRXPli'-BWkYy?qWdj5ioetskPadfxV:p?m;VXgWgWZqHHEJ:1?4:1?hWcTtI;88
11:mjBWUSsprmHg:3:p?mAZWXEeAlJuynXBBaiQsTfy?PhWRJFOdPhLeFRGpfmJ:5?4;3;rk1X8q?39
14:gpNw;N4p pVeYDOegQ?L:u'waHFg'biHqoIvdzZTYkcBEGcrtn?TCQsewExmUqBunYKAZfmNbTN?3?3?2;nngWo3?28
6;yZnTPlJ;sVqodk34uTxG?S:Fn-BAIzGnuYnm?HGtEL-?3;2:2;b4Wy1b?63
5:pyyasEtSKQIaDhQOnpbqZkC:2t2QTh0Ad;lab;VPDAqSqaHJXNTubbTHeie?uPCBWMfiBLBmgCw?3;1?1;qMgF8D;11
14?cpUP:0QXg:S?CUKVgMtiHRFp'RPMT:tHWXg-DlQz;3?2?3:oGbmQH?5
6?hgwx; bMohx;p;TVNAQnSdalH:LVEaQI;1?1;1:vxgmts?78
11;Adv:qVUXVjiu ri;lab?bscm:'fdcSiybtKXZLtGlH:5:4:2:aw8NGP?64
14?oV-pneefjzlsbQRKRQd;wTFfJW;S?UCQmBLEgvjTZqivxmjipCGJjFmJ?iCMnUikwnDcceG:1?2:1:svdv5f:28
